suite,shape,n,algorithm,median_ms,q1_ms,q3_ms,min_ms,max_ms,repeats
main,equal,1000,heap,0.003575,0.0035505,0.0035905,0.003536,0.016144,7
main,equal,1000,merge,0.013149,0.013104000000000001,0.013285,0.013039,0.013821,7
main,equal,1000,quick_first,0.424508,0.4123695,0.4344775,0.41229,0.503004,7
main,equal,2000,heap,0.007111,0.0060985,0.0071255,0.005758,0.0072,7
main,equal,2000,merge,0.027431,0.0271105,0.027701,0.0269,0.027992,7
main,equal,2000,quick_first,1.806621,1.6822015000000001,1.9411245,1.654035,2.545633,7
main,equal,4000,heap,0.022594,0.022483,0.023370000000000002,0.022202,0.023675,7
main,equal,4000,merge,0.072817,0.0685215,0.07765,0.056594,0.097324,7
main,equal,4000,quick_first,7.044554,6.9470995,7.0633315,6.720564,7.412157,7
main,equal,8000,heap,0.026049,0.022994,0.0282515,0.022924,0.098616,7
main,equal,8000,merge,0.118476,0.117784,0.1532615,0.116072,0.333363,7
main,equal,8000,quick_first,29.166896,29.079392,30.4431685,28.774286,30.74501,7
main,few_unique,1000,heap,0.015052,0.014341,0.0167345,0.013981,0.027581,7
main,few_unique,1000,merge,0.018076,0.01678,0.021652,0.015363,0.025388,7
main,few_unique,1000,quick_first,0.034531,0.033399,0.038092,0.033089,0.089492,7
main,few_unique,2000,heap,0.064856,0.055888,0.076238,0.049444,0.091976,7
main,few_unique,2000,merge,0.059468,0.0515915,0.060715,0.049634,0.062222,7
main,few_unique,2000,quick_first,0.13502,0.1307235,0.15102300000000002,0.1284,0.186145,7
main,few_unique,4000,heap,0.207086,0.2033755,0.22542299999999998,0.202059,0.25029,7
main,few_unique,4000,merge,0.13463,0.1338225,0.13981149999999998,0.130753,0.159706,7
main,few_unique,4000,quick_first,0.531236,0.492268,0.540689,0.491837,0.558827,7
main,few_unique,8000,heap,0.444236,0.4217335,0.48243800000000003,0.398909,0.641448,7
main,few_unique,8000,merge,0.321105,0.300304,0.373617,0.269618,0.438218,7
main,few_unique,8000,quick_first,2.09736,1.998665,2.4582545,1.79909,3.11862,7
main,random,1000,heap,0.023745,0.017125,0.0327685,0.015352,0.044416,7
main,random,1000,merge,0.022403,0.016549,0.0280065,0.015744,0.059658,7
main,random,1000,quick_first,0.019178,0.0153175,0.021075999999999998,0.014272,0.030004,7
main,random,2000,heap,0.087409,0.079368,0.101636,0.071446,0.160387,7
main,random,2000,merge,0.073769,0.0681155,0.079868,0.062802,0.085216,7
main,random,2000,quick_first,0.062743,0.0611005,0.069963,0.057996,0.072657,7
main,random,4000,heap,0.228588,0.222524,0.230566,0.218603,0.234567,7
main,random,4000,merge,0.192955,0.19068200000000002,0.195239,0.188158,0.199304,7
main,random,4000,quick_first,0.164133,0.1617895,0.1727255,0.159797,0.2233,7
main,random,8000,heap,0.487701,0.4765745,0.504025,0.475183,0.536093,7
main,random,8000,merge,0.445739,0.4230155,0.469564,0.414714,0.496434,7
main,random,8000,quick_first,0.375936,0.36962150000000005,0.411008,0.36516,0.420471,7
main,reversed,1000,heap,0.015393,0.014706,0.0185175,0.013931,0.025718,7
main,reversed,1000,merge,0.01348,0.01346,0.01378,0.01341,0.014211,7
main,reversed,1000,quick_first,0.44011,0.4192795,0.466785,0.412681,0.555801,7
main,reversed,2000,heap,0.055091,0.0505245,0.08774,0.043033,0.123863,7
main,reversed,2000,merge,0.028131,0.027801,0.0283375,0.027721,0.029053,7
main,reversed,2000,quick_first,1.742726,1.726267,1.8933285,1.662608,2.059124,7
main,reversed,4000,heap,0.170532,0.166215,0.1783785,0.160216,0.200326,7
main,reversed,4000,merge,0.075121,0.07140550000000001,0.08091,0.057485,0.271892,7
main,reversed,4000,quick_first,6.883876,6.8180285000000005,7.293972999999999,6.768565,7.687905,7
main,reversed,8000,heap,0.379721,0.3636225,0.3913835,0.33163,0.51396,7
main,reversed,8000,merge,0.129522,0.12123900000000001,0.1373625,0.120808,0.145044,7
main,reversed,8000,quick_first,29.183126,28.324906499999997,30.092335,27.121444,32.521464,7
main,sorted,1000,heap,0.030525,0.022609,0.0389075,0.016184,0.05403,7
main,sorted,1000,merge,0.013249,0.013119,0.01357,0.013099,0.01401,7
main,sorted,1000,quick_first,0.422584,0.41385649999999996,0.4390695,0.41242,0.575701,7
main,sorted,2000,heap,0.072988,0.070184,0.07469,0.069383,0.135821,7
main,sorted,2000,merge,0.027481,0.0273355,0.0277505,0.02708,0.028232,7
main,sorted,2000,quick_first,1.735967,1.7207585,1.7978025,1.695907,1.990473,7
main,sorted,4000,heap,0.16186,0.159025,0.1645885,0.145656,3.15859,7
main,sorted,4000,merge,0.078466,0.072562,0.079062,0.057365,0.080149,7
main,sorted,4000,quick_first,7.050193,6.9576905,8.4859995,6.921982,14.268448,7
main,sorted,8000,heap,0.322156,0.320594,0.32683850000000003,0.294686,0.328626,7
main,sorted,8000,merge,0.125686,0.1177945,0.1334325,0.117443,0.1558,7
main,sorted,8000,quick_first,27.572661,27.103111,28.458194,26.928218,30.705591,7
parallel,random,10000,omp_1,0.589411,0.5710445,0.6034174999999999,0.543293,0.618695,7
parallel,random,10000,omp_2,0.623492,0.6048994999999999,0.670186,0.576772,0.702398,7
parallel,random,10000,omp_4,0.765712,0.7200344999999999,1.1321795,0.658182,1.169033,7
parallel,random,10000,quick_random,0.544575,0.5328729999999999,0.5901475,0.530234,0.714997,7
parallel,random,100000,omp_1,6.915077,6.7628140000000005,7.0133575,6.630101,7.216138,7
parallel,random,100000,omp_2,6.022583,5.9607220000000005,6.758573999999999,5.778743,15.377131,7
parallel,random,100000,omp_4,5.135713,4.4388965,5.2274805,3.831654,6.078766,7
parallel,random,100000,quick_random,7.014189,6.8106475,7.0463115,6.619516,7.710679,7
parallel,random,1000000,omp_1,88.141319,87.28877800000001,92.4778895,81.85936,104.488155,7
parallel,random,1000000,omp_2,76.128769,72.9365275,77.9768945,69.330155,84.802817,7
parallel,random,1000000,omp_4,37.521387,36.074986499999994,40.89568800000001,33.026454,48.618327,7
parallel,random,1000000,quick_random,90.788671,88.9775805,92.031722,85.423981,96.523656,7
parallel,random,4000000,omp_1,363.733915,357.07332299999996,376.404588,352.609019,431.745392,7
parallel,random,4000000,omp_2,343.068585,334.983494,354.94602499999996,323.744335,388.578062,7
parallel,random,4000000,omp_4,176.380589,165.4780195,182.56088749999998,158.93618,187.239717,7
parallel,random,4000000,quick_random,381.236784,379.1718885,393.04513,369.453645,410.488702,7
parallel,sorted,10000,omp_1,0.205984,0.19514350000000003,0.24161749999999999,0.192515,0.375655,7
parallel,sorted,10000,omp_2,0.235458,0.2282775,0.242929,0.207627,1.883484,7
parallel,sorted,10000,omp_4,0.373733,0.342611,0.395875,0.323227,0.430597,7
parallel,sorted,10000,quick_random,0.204893,0.1993445,0.2093895,0.194778,0.218923,7
parallel,sorted,100000,omp_1,3.329803,3.2911905,3.570954,3.202564,4.26153,7
parallel,sorted,100000,omp_2,2.436642,2.1413184999999997,2.4840125,2.055479,2.731207,7
parallel,sorted,100000,omp_4,1.701055,1.503488,1.875518,1.310137,2.050181,7
parallel,sorted,100000,quick_random,3.432013,3.3075945,3.5273345000000003,3.214913,3.756924,7
parallel,sorted,1000000,omp_1,41.609702,40.9164325,42.8328155,38.959694,44.058852,7
parallel,sorted,1000000,omp_2,32.482279,29.7164025,34.7246135,28.567671,37.825173,7
parallel,sorted,1000000,omp_4,21.375965,20.3237095,21.817809,14.910793,22.71935,7
parallel,sorted,1000000,quick_random,44.045403,43.0944265,45.0519475,40.809149,50.776419,7
parallel,sorted,4000000,omp_1,173.704752,170.3434035,174.879058,162.926179,176.589011,7
parallel,sorted,4000000,omp_2,160.165758,156.13795349999998,167.0147475,149.465165,169.754612,7
parallel,sorted,4000000,omp_4,94.11065,92.07916700000001,101.5528345,84.708271,111.169069,7
parallel,sorted,4000000,quick_random,176.078412,167.8007895,180.309601,161.383287,183.118569,7
