suite,shape,n,algorithm,rep,wall_ms,comparisons,moves,buffer_bytes,max_depth,stable,correct,actual_threads
main,random,1000,merge,0,0.059658000,0,0,8000,11,1,1,1
main,random,1000,quick_first,0,0.030004000,0,0,0,7,1,1,1
main,random,1000,heap,0,0.035873000,0,0,0,0,1,1,1
main,random,1000,quick_first,1,0.019849000,0,0,0,7,1,1,1
main,random,1000,heap,1,0.044416000,0,0,0,0,1,1,1
main,random,1000,merge,1,0.033580000,0,0,8000,11,1,1,1
main,random,1000,heap,2,0.029664000,0,0,0,0,1,1,1
main,random,1000,merge,2,0.022433000,0,0,8000,11,1,1,1
main,random,1000,quick_first,2,0.022303000,0,0,0,7,1,1,1
main,random,1000,merge,3,0.022403000,0,0,8000,11,1,1,1
main,random,1000,quick_first,3,0.016144000,0,0,0,7,1,1,1
main,random,1000,heap,3,0.023745000,0,0,0,0,1,1,1
main,random,1000,quick_first,4,0.019178000,0,0,0,7,1,1,1
main,random,1000,heap,4,0.018087000,0,0,0,0,1,1,1
main,random,1000,merge,4,0.017035000,0,0,8000,11,1,1,1
main,random,1000,heap,5,0.016163000,0,0,0,0,1,1,1
main,random,1000,merge,5,0.016063000,0,0,8000,11,1,1,1
main,random,1000,quick_first,5,0.014491000,0,0,0,7,1,1,1
main,random,1000,merge,6,0.015744000,0,0,8000,11,1,1,1
main,random,1000,quick_first,6,0.014272000,0,0,0,7,1,1,1
main,random,1000,heap,6,0.015352000,0,0,0,0,1,1,1
main,sorted,1000,merge,0,0.013660000,0,0,8000,11,1,1,1
main,sorted,1000,quick_first,0,0.422584000,0,0,0,1,1,1,1
main,sorted,1000,heap,0,0.038106000,0,0,0,0,1,1,1
main,sorted,1000,quick_first,1,0.575701000,0,0,0,1,1,1,1
main,sorted,1000,heap,1,0.030525000,0,0,0,0,1,1,1
main,sorted,1000,merge,1,0.014010000,0,0,8000,11,1,1,1
main,sorted,1000,heap,2,0.026900000,0,0,0,0,1,1,1
main,sorted,1000,merge,2,0.013249000,0,0,8000,11,1,1,1
main,sorted,1000,quick_first,2,0.412420000,0,0,0,1,1,1,1
main,sorted,1000,merge,3,0.013129000,0,0,8000,11,1,1,1
main,sorted,1000,quick_first,3,0.448373000,0,0,0,1,1,1,1
main,sorted,1000,heap,3,0.054030000,0,0,0,0,1,1,1
main,sorted,1000,quick_first,4,0.413531000,0,0,0,1,1,1,1
main,sorted,1000,heap,4,0.018318000,0,0,0,0,1,1,1
main,sorted,1000,merge,4,0.013480000,0,0,8000,11,1,1,1
main,sorted,1000,heap,5,0.039709000,0,0,0,0,1,1,1
main,sorted,1000,merge,5,0.013109000,0,0,8000,11,1,1,1
main,sorted,1000,quick_first,5,0.414182000,0,0,0,1,1,1,1
main,sorted,1000,merge,6,0.013099000,0,0,8000,11,1,1,1
main,sorted,1000,quick_first,6,0.429766000,0,0,0,1,1,1,1
main,sorted,1000,heap,6,0.016184000,0,0,0,0,1,1,1
main,reversed,1000,merge,0,0.013650000,0,0,8000,11,1,1,1
main,reversed,1000,quick_first,0,0.555801000,0,0,0,1,1,1,1
main,reversed,1000,heap,0,0.025718000,0,0,0,0,1,1,1
main,reversed,1000,quick_first,1,0.412681000,0,0,0,1,1,1,1
main,reversed,1000,heap,1,0.019289000,0,0,0,0,1,1,1
main,reversed,1000,merge,1,0.014211000,0,0,8000,11,1,1,1
main,reversed,1000,heap,2,0.015393000,0,0,0,0,1,1,1
main,reversed,1000,merge,2,0.013440000,0,0,8000,11,1,1,1
main,reversed,1000,quick_first,2,0.425559000,0,0,0,1,1,1,1
main,reversed,1000,merge,3,0.013480000,0,0,8000,11,1,1,1
main,reversed,1000,quick_first,3,0.480140000,0,0,0,1,1,1,1
main,reversed,1000,heap,3,0.017746000,0,0,0,0,1,1,1
main,reversed,1000,quick_first,4,0.440110000,0,0,0,1,1,1,1
main,reversed,1000,heap,4,0.014721000,0,0,0,0,1,1,1
main,reversed,1000,merge,4,0.013910000,0,0,8000,11,1,1,1
main,reversed,1000,heap,5,0.013931000,0,0,0,0,1,1,1
main,reversed,1000,merge,5,0.013480000,0,0,8000,11,1,1,1
main,reversed,1000,quick_first,5,0.413000000,0,0,0,1,1,1,1
main,reversed,1000,merge,6,0.013410000,0,0,8000,11,1,1,1
main,reversed,1000,quick_first,6,0.453430000,0,0,0,1,1,1,1
main,reversed,1000,heap,6,0.014691000,0,0,0,0,1,1,1
main,few_unique,1000,merge,0,0.025388000,0,0,8000,11,1,1,1
main,few_unique,1000,quick_first,0,0.040020000,0,0,0,3,0,1,1
main,few_unique,1000,heap,0,0.027581000,0,0,0,0,0,1,1
main,few_unique,1000,quick_first,1,0.036164000,0,0,0,3,0,1,1
main,few_unique,1000,heap,1,0.017766000,0,0,0,0,0,1,1
main,few_unique,1000,merge,1,0.020490000,0,0,8000,11,1,1,1
main,few_unique,1000,heap,2,0.015703000,0,0,0,0,0,1,1
main,few_unique,1000,merge,2,0.016885000,0,0,8000,11,1,1,1
main,few_unique,1000,quick_first,2,0.034531000,0,0,0,3,0,1,1
main,few_unique,1000,merge,3,0.015363000,0,0,8000,11,1,1,1
main,few_unique,1000,quick_first,3,0.089492000,0,0,0,3,0,1,1
main,few_unique,1000,heap,3,0.015052000,0,0,0,0,0,1,1
main,few_unique,1000,quick_first,4,0.033389000,0,0,0,3,0,1,1
main,few_unique,1000,heap,4,0.014151000,0,0,0,0,0,1,1
main,few_unique,1000,merge,4,0.022814000,0,0,8000,11,1,1,1
main,few_unique,1000,heap,5,0.014531000,0,0,0,0,0,1,1
main,few_unique,1000,merge,5,0.018076000,0,0,8000,11,1,1,1
main,few_unique,1000,quick_first,5,0.033409000,0,0,0,3,0,1,1
main,few_unique,1000,merge,6,0.016675000,0,0,8000,11,1,1,1
main,few_unique,1000,quick_first,6,0.033089000,0,0,0,3,0,1,1
main,few_unique,1000,heap,6,0.013981000,0,0,0,0,0,1,1
main,equal,1000,merge,0,0.013260000,0,0,8000,11,1,1,1
main,equal,1000,quick_first,0,0.424508000,0,0,0,1,1,1,1
main,equal,1000,heap,0,0.003596000,0,0,0,0,0,1,1
main,equal,1000,quick_first,1,0.503004000,0,0,0,1,1,1,1
main,equal,1000,heap,1,0.003575000,0,0,0,0,0,1,1
main,equal,1000,merge,1,0.013821000,0,0,8000,11,1,1,1
main,equal,1000,heap,2,0.003555000,0,0,0,0,0,1,1
main,equal,1000,merge,2,0.013149000,0,0,8000,11,1,1,1
main,equal,1000,quick_first,2,0.439180000,0,0,0,1,1,1,1
main,equal,1000,merge,3,0.013139000,0,0,8000,11,1,1,1
main,equal,1000,quick_first,3,0.412399000,0,0,0,1,1,1,1
main,equal,1000,heap,3,0.003585000,0,0,0,0,0,1,1
main,equal,1000,quick_first,4,0.429775000,0,0,0,1,1,1,1
main,equal,1000,heap,4,0.003536000,0,0,0,0,0,1,1
main,equal,1000,merge,4,0.013310000,0,0,8000,11,1,1,1
main,equal,1000,heap,5,0.016144000,0,0,0,0,0,1,1
main,equal,1000,merge,5,0.013039000,0,0,8000,11,1,1,1
main,equal,1000,quick_first,5,0.412340000,0,0,0,1,1,1,1
main,equal,1000,merge,6,0.013069000,0,0,8000,11,1,1,1
main,equal,1000,quick_first,6,0.412290000,0,0,0,1,1,1,1
main,equal,1000,heap,6,0.003546000,0,0,0,0,0,1,1
main,random,2000,merge,0,0.085216000,0,0,16000,12,1,1,1
main,random,2000,quick_first,0,0.072657000,0,0,0,7,1,1,1
main,random,2000,heap,0,0.096894000,0,0,0,0,1,1,1
main,random,2000,quick_first,1,0.069132000,0,0,0,7,1,1,1
main,random,2000,heap,1,0.087409000,0,0,0,0,1,1,1
main,random,2000,merge,1,0.083904000,0,0,16000,12,1,1,1
main,random,2000,heap,2,0.106378000,0,0,0,0,1,1,1
main,random,2000,merge,2,0.073769000,0,0,16000,12,1,1,1
main,random,2000,quick_first,2,0.070794000,0,0,0,7,1,1,1
main,random,2000,merge,3,0.067309000,0,0,16000,12,1,1,1
main,random,2000,quick_first,3,0.060720000,0,0,0,7,1,1,1
main,random,2000,heap,3,0.160387000,0,0,0,0,1,1,1
main,random,2000,quick_first,4,0.061481000,0,0,0,7,1,1,1
main,random,2000,heap,4,0.077986000,0,0,0,0,1,1,1
main,random,2000,merge,4,0.075832000,0,0,16000,12,1,1,1
main,random,2000,heap,5,0.071446000,0,0,0,0,1,1,1
main,random,2000,merge,5,0.068922000,0,0,16000,12,1,1,1
main,random,2000,quick_first,5,0.062743000,0,0,0,7,1,1,1
main,random,2000,merge,6,0.062802000,0,0,16000,12,1,1,1
main,random,2000,quick_first,6,0.057996000,0,0,0,7,1,1,1
main,random,2000,heap,6,0.080750000,0,0,0,0,1,1,1
main,sorted,2000,merge,0,0.027580000,0,0,16000,12,1,1,1
main,sorted,2000,quick_first,0,1.723838000,0,0,0,1,1,1,1
main,sorted,2000,heap,0,0.135821000,0,0,0,0,1,1,1
main,sorted,2000,quick_first,1,1.695907000,0,0,0,1,1,1,1
main,sorted,2000,heap,1,0.069463000,0,0,0,0,1,1,1
main,sorted,2000,merge,1,0.027921000,0,0,16000,12,1,1,1
main,sorted,2000,heap,2,0.069383000,0,0,0,0,1,1,1
main,sorted,2000,merge,2,0.027080000,0,0,16000,12,1,1,1
main,sorted,2000,quick_first,2,1.717679000,0,0,0,1,1,1,1
main,sorted,2000,merge,3,0.027481000,0,0,16000,12,1,1,1
main,sorted,2000,quick_first,3,1.990473000,0,0,0,1,1,1,1
main,sorted,2000,heap,3,0.070905000,0,0,0,0,1,1,1
main,sorted,2000,quick_first,4,1.735967000,0,0,0,1,1,1,1
main,sorted,2000,heap,4,0.072988000,0,0,0,0,1,1,1
main,sorted,2000,merge,4,0.028232000,0,0,16000,12,1,1,1
main,sorted,2000,heap,5,0.076252000,0,0,0,0,1,1,1
main,sorted,2000,merge,5,0.027190000,0,0,16000,12,1,1,1
main,sorted,2000,quick_first,5,1.851727000,0,0,0,1,1,1,1
main,sorted,2000,merge,6,0.027481000,0,0,16000,12,1,1,1
main,sorted,2000,quick_first,6,1.743878000,0,0,0,1,1,1,1
main,sorted,2000,heap,6,0.073128000,0,0,0,0,1,1,1
main,reversed,2000,merge,0,0.028131000,0,0,16000,12,1,1,1
main,reversed,2000,quick_first,0,1.662608000,0,0,0,1,1,1,1
main,reversed,2000,heap,0,0.123863000,0,0,0,0,1,1,1
main,reversed,2000,quick_first,1,1.778539000,0,0,0,1,1,1,1
main,reversed,2000,heap,1,0.050504000,0,0,0,0,1,1,1
main,reversed,2000,merge,1,0.028503000,0,0,16000,12,1,1,1
main,reversed,2000,heap,2,0.043033000,0,0,0,0,1,1,1
main,reversed,2000,merge,2,0.027721000,0,0,16000,12,1,1,1
main,reversed,2000,quick_first,2,1.742726000,0,0,0,1,1,1,1
main,reversed,2000,merge,3,0.027801000,0,0,16000,12,1,1,1
main,reversed,2000,quick_first,3,2.059124000,0,0,0,1,1,1,1
main,reversed,2000,heap,3,0.055091000,0,0,0,0,1,1,1
main,reversed,2000,quick_first,4,1.739882000,0,0,0,1,1,1,1
main,reversed,2000,heap,4,0.050545000,0,0,0,0,1,1,1
main,reversed,2000,merge,4,0.029053000,0,0,16000,12,1,1,1
main,reversed,2000,heap,5,0.102111000,0,0,0,0,1,1,1
main,reversed,2000,merge,5,0.028172000,0,0,16000,12,1,1,1
main,reversed,2000,quick_first,5,1.712652000,0,0,0,1,1,1,1
main,reversed,2000,merge,6,0.027801000,0,0,16000,12,1,1,1
main,reversed,2000,quick_first,6,2.008118000,0,0,0,1,1,1,1
main,reversed,2000,heap,6,0.073369000,0,0,0,0,1,1,1
main,few_unique,2000,merge,0,0.061271000,0,0,16000,12,1,1,1
main,few_unique,2000,quick_first,0,0.166135000,0,0,0,3,0,1,1
main,few_unique,2000,heap,0,0.082763000,0,0,0,0,0,1,1
main,few_unique,2000,quick_first,1,0.135020000,0,0,0,3,0,1,1
main,few_unique,2000,heap,1,0.064856000,0,0,0,0,0,1,1
main,few_unique,2000,merge,1,0.060159000,0,0,16000,12,1,1,1
main,few_unique,2000,heap,2,0.056444000,0,0,0,0,0,1,1
main,few_unique,2000,merge,2,0.049654000,0,0,16000,12,1,1,1
main,few_unique,2000,quick_first,2,0.135911000,0,0,0,3,0,1,1
main,few_unique,2000,merge,3,0.062222000,0,0,16000,12,1,1,1
main,few_unique,2000,quick_first,3,0.129101000,0,0,0,3,0,1,1
main,few_unique,2000,heap,3,0.069713000,0,0,0,0,0,1,1
main,few_unique,2000,quick_first,4,0.132346000,0,0,0,3,0,1,1
main,few_unique,2000,heap,4,0.055332000,0,0,0,0,0,1,1
main,few_unique,2000,merge,4,0.059468000,0,0,16000,12,1,1,1
main,few_unique,2000,heap,5,0.049444000,0,0,0,0,0,1,1
main,few_unique,2000,merge,5,0.049634000,0,0,16000,12,1,1,1
main,few_unique,2000,quick_first,5,0.186145000,0,0,0,3,0,1,1
main,few_unique,2000,merge,6,0.053529000,0,0,16000,12,1,1,1
main,few_unique,2000,quick_first,6,0.128400000,0,0,0,3,0,1,1
main,few_unique,2000,heap,6,0.091976000,0,0,0,0,0,1,1
main,equal,2000,merge,0,0.027311000,0,0,16000,12,1,1,1
main,equal,2000,quick_first,0,1.680614000,0,0,0,1,1,1,1
main,equal,2000,heap,0,0.007130000,0,0,0,0,0,1,1
main,equal,2000,quick_first,1,2.074427000,0,0,0,1,1,1,1
main,equal,2000,heap,1,0.005758000,0,0,0,0,0,1,1
main,equal,2000,merge,1,0.027721000,0,0,16000,12,1,1,1
main,equal,2000,heap,2,0.007121000,0,0,0,0,0,1,1
main,equal,2000,merge,2,0.027431000,0,0,16000,12,1,1,1
main,equal,2000,quick_first,2,1.806621000,0,0,0,1,1,1,1
main,equal,2000,merge,3,0.027992000,0,0,16000,12,1,1,1
main,equal,2000,quick_first,3,2.545633000,0,0,0,1,1,1,1
main,equal,2000,heap,3,0.005888000,0,0,0,0,0,1,1
main,equal,2000,quick_first,4,1.807822000,0,0,0,1,1,1,1
main,equal,2000,heap,4,0.006309000,0,0,0,0,0,1,1
main,equal,2000,merge,4,0.027681000,0,0,16000,12,1,1,1
main,equal,2000,heap,5,0.007111000,0,0,0,0,0,1,1
main,equal,2000,merge,5,0.026900000,0,0,16000,12,1,1,1
main,equal,2000,quick_first,5,1.654035000,0,0,0,1,1,1,1
main,equal,2000,merge,6,0.026910000,0,0,16000,12,1,1,1
main,equal,2000,quick_first,6,1.683789000,0,0,0,1,1,1,1
main,equal,2000,heap,6,0.007200000,0,0,0,0,0,1,1
main,random,4000,merge,0,0.192955000,0,0,32000,13,1,1,1
main,random,4000,quick_first,0,0.223300000,0,0,0,8,1,1,1
main,random,4000,heap,0,0.225042000,0,0,0,0,1,1,1
main,random,4000,quick_first,1,0.163412000,0,0,0,8,1,1,1
main,random,4000,heap,1,0.218603000,0,0,0,0,1,1,1
main,random,4000,merge,1,0.193517000,0,0,32000,13,1,1,1
main,random,4000,heap,2,0.229930000,0,0,0,0,1,1,1
main,random,4000,merge,2,0.189080000,0,0,32000,13,1,1,1
main,random,4000,quick_first,2,0.166376000,0,0,0,8,1,1,1
main,random,4000,merge,3,0.188158000,0,0,32000,13,1,1,1
main,random,4000,quick_first,3,0.179075000,0,0,0,8,1,1,1
main,random,4000,heap,3,0.231202000,0,0,0,0,1,1,1
main,random,4000,quick_first,4,0.160167000,0,0,0,8,1,1,1
main,random,4000,heap,4,0.220006000,0,0,0,0,1,1,1
main,random,4000,merge,4,0.192284000,0,0,32000,13,1,1,1
main,random,4000,heap,5,0.228588000,0,0,0,0,1,1,1
main,random,4000,merge,5,0.199304000,0,0,32000,13,1,1,1
main,random,4000,quick_first,5,0.164133000,0,0,0,8,1,1,1
main,random,4000,merge,6,0.196961000,0,0,32000,13,1,1,1
main,random,4000,quick_first,6,0.159797000,0,0,0,8,1,1,1
main,random,4000,heap,6,0.234567000,0,0,0,0,1,1,1
main,sorted,4000,merge,0,0.057365000,0,0,32000,13,1,1,1
main,sorted,4000,quick_first,0,6.941872000,0,0,0,1,1,1,1
main,sorted,4000,heap,0,0.145656000,0,0,0,0,1,1,1
main,sorted,4000,quick_first,1,14.268448000,0,0,0,1,1,1,1
main,sorted,4000,heap,1,3.158590000,0,0,0,0,1,1,1
main,sorted,4000,merge,1,0.079267000,0,0,32000,13,1,1,1
main,sorted,4000,heap,2,0.158985000,0,0,0,0,1,1,1
main,sorted,4000,merge,2,0.070854000,0,0,32000,13,1,1,1
main,sorted,4000,quick_first,2,8.908840000,0,0,0,1,1,1,1
main,sorted,4000,merge,3,0.078466000,0,0,32000,13,1,1,1
main,sorted,4000,quick_first,3,8.063159000,0,0,0,1,1,1,1
main,sorted,4000,heap,3,0.163993000,0,0,0,0,1,1,1
main,sorted,4000,quick_first,4,6.921982000,0,0,0,1,1,1,1
main,sorted,4000,heap,4,0.161860000,0,0,0,0,1,1,1
main,sorted,4000,merge,4,0.074270000,0,0,32000,13,1,1,1
main,sorted,4000,heap,5,0.159065000,0,0,0,0,1,1,1
main,sorted,4000,merge,5,0.078857000,0,0,32000,13,1,1,1
main,sorted,4000,quick_first,5,7.050193000,0,0,0,1,1,1,1
main,sorted,4000,merge,6,0.080149000,0,0,32000,13,1,1,1
main,sorted,4000,quick_first,6,6.973509000,0,0,0,1,1,1,1
main,sorted,4000,heap,6,0.165184000,0,0,0,0,1,1,1
main,reversed,4000,merge,0,0.057485000,0,0,32000,13,1,1,1
main,reversed,4000,quick_first,0,7.222798000,0,0,0,1,1,1,1
main,reversed,4000,heap,0,0.166235000,0,0,0,0,1,1,1
main,reversed,4000,quick_first,1,7.687905000,0,0,0,1,1,1,1
main,reversed,4000,heap,1,0.166195000,0,0,0,0,1,1,1
main,reversed,4000,merge,1,0.071956000,0,0,32000,13,1,1,1
main,reversed,4000,heap,2,0.170532000,0,0,0,0,1,1,1
main,reversed,4000,merge,2,0.271892000,0,0,32000,13,1,1,1
main,reversed,4000,quick_first,2,7.365148000,0,0,0,1,1,1,1
main,reversed,4000,merge,3,0.075121000,0,0,32000,13,1,1,1
main,reversed,4000,quick_first,3,6.883876000,0,0,0,1,1,1,1
main,reversed,4000,heap,3,0.200326000,0,0,0,0,1,1,1
main,reversed,4000,quick_first,4,6.792962000,0,0,0,1,1,1,1
main,reversed,4000,heap,4,0.160216000,0,0,0,0,1,1,1
main,reversed,4000,merge,4,0.070855000,0,0,32000,13,1,1,1
main,reversed,4000,heap,5,0.185284000,0,0,0,0,1,1,1
main,reversed,4000,merge,5,0.078817000,0,0,32000,13,1,1,1
main,reversed,4000,quick_first,5,6.768565000,0,0,0,1,1,1,1
main,reversed,4000,merge,6,0.083003000,0,0,32000,13,1,1,1
main,reversed,4000,quick_first,6,6.843095000,0,0,0,1,1,1,1
main,reversed,4000,heap,6,0.171473000,0,0,0,0,1,1,1
main,few_unique,4000,merge,0,0.134338000,0,0,32000,13,1,1,1
main,few_unique,4000,quick_first,0,0.547819000,0,0,0,4,0,1,1
main,few_unique,4000,heap,0,0.207116000,0,0,0,0,0,1,1
main,few_unique,4000,quick_first,1,0.531236000,0,0,0,4,0,1,1
main,few_unique,4000,heap,1,0.250290000,0,0,0,0,0,1,1
main,few_unique,4000,merge,1,0.144974000,0,0,32000,13,1,1,1
main,few_unique,4000,heap,2,0.207086000,0,0,0,0,0,1,1
main,few_unique,4000,merge,2,0.134630000,0,0,32000,13,1,1,1
main,few_unique,4000,quick_first,2,0.533559000,0,0,0,4,0,1,1
main,few_unique,4000,merge,3,0.130753000,0,0,32000,13,1,1,1
main,few_unique,4000,quick_first,3,0.491837000,0,0,0,4,0,1,1
main,few_unique,4000,heap,3,0.243730000,0,0,0,0,0,1,1
main,few_unique,4000,quick_first,4,0.492258000,0,0,0,4,0,1,1
main,few_unique,4000,heap,4,0.202059000,0,0,0,0,0,1,1
main,few_unique,4000,merge,4,0.159706000,0,0,32000,13,1,1,1
main,few_unique,4000,heap,5,0.203861000,0,0,0,0,0,1,1
main,few_unique,4000,merge,5,0.134649000,0,0,32000,13,1,1,1
main,few_unique,4000,quick_first,5,0.558827000,0,0,0,4,0,1,1
main,few_unique,4000,merge,6,0.133307000,0,0,32000,13,1,1,1
main,few_unique,4000,quick_first,6,0.492278000,0,0,0,4,0,1,1
main,few_unique,4000,heap,6,0.202890000,0,0,0,0,0,1,1
main,equal,4000,merge,0,0.056594000,0,0,32000,13,1,1,1
main,equal,4000,quick_first,0,7.081829000,0,0,0,1,1,1,1
main,equal,4000,heap,0,0.023675000,0,0,0,0,0,1,1
main,equal,4000,quick_first,1,6.720564000,0,0,0,1,1,1,1
main,equal,4000,heap,1,0.022202000,0,0,0,0,0,1,1
main,equal,4000,merge,1,0.066288000,0,0,32000,13,1,1,1
main,equal,4000,heap,2,0.022543000,0,0,0,0,0,1,1
main,equal,4000,merge,2,0.072817000,0,0,32000,13,1,1,1
main,equal,4000,quick_first,2,6.895313000,0,0,0,1,1,1,1
main,equal,4000,merge,3,0.077925000,0,0,32000,13,1,1,1
main,equal,4000,quick_first,3,6.998886000,0,0,0,1,1,1,1
main,equal,4000,heap,3,0.023575000,0,0,0,0,0,1,1
main,equal,4000,quick_first,4,7.044834000,0,0,0,1,1,1,1
main,equal,4000,heap,4,0.023165000,0,0,0,0,0,1,1
main,equal,4000,merge,4,0.097324000,0,0,32000,13,1,1,1
main,equal,4000,heap,5,0.022423000,0,0,0,0,0,1,1
main,equal,4000,merge,5,0.070755000,0,0,32000,13,1,1,1
main,equal,4000,quick_first,5,7.412157000,0,0,0,1,1,1,1
main,equal,4000,merge,6,0.077375000,0,0,32000,13,1,1,1
main,equal,4000,quick_first,6,7.044554000,0,0,0,1,1,1,1
main,equal,4000,heap,6,0.022594000,0,0,0,0,0,1,1
main,random,8000,merge,0,0.496434000,0,0,64000,14,1,1,1
main,random,8000,quick_first,0,0.375936000,0,0,0,9,1,1,1
main,random,8000,heap,0,0.536093000,0,0,0,0,1,1,1
main,random,8000,quick_first,1,0.367393000,0,0,0,9,1,1,1
main,random,8000,heap,1,0.503133000,0,0,0,0,1,1,1
main,random,8000,merge,1,0.450376000,0,0,64000,14,1,1,1
main,random,8000,heap,2,0.504917000,0,0,0,0,1,1,1
main,random,8000,merge,2,0.418459000,0,0,64000,14,1,1,1
main,random,8000,quick_first,2,0.420471000,0,0,0,9,1,1,1
main,random,8000,merge,3,0.414714000,0,0,64000,14,1,1,1
main,random,8000,quick_first,3,0.410197000,0,0,0,9,1,1,1
main,random,8000,heap,3,0.487701000,0,0,0,0,1,1,1
main,random,8000,quick_first,4,0.411819000,0,0,0,9,1,1,1
main,random,8000,heap,4,0.476915000,0,0,0,0,1,1,1
main,random,8000,merge,4,0.488752000,0,0,64000,14,1,1,1
main,random,8000,heap,5,0.476234000,0,0,0,0,1,1,1
main,random,8000,merge,5,0.445739000,0,0,64000,14,1,1,1
main,random,8000,quick_first,5,0.371850000,0,0,0,9,1,1,1
main,random,8000,merge,6,0.427572000,0,0,64000,14,1,1,1
main,random,8000,quick_first,6,0.365160000,0,0,0,9,1,1,1
main,random,8000,heap,6,0.475183000,0,0,0,0,1,1,1
main,sorted,8000,merge,0,0.117443000,0,0,64000,14,1,1,1
main,sorted,8000,quick_first,0,26.928218000,0,0,0,1,1,1,1
main,sorted,8000,heap,0,0.319913000,0,0,0,0,1,1,1
main,sorted,8000,quick_first,1,27.572661000,0,0,0,1,1,1,1
main,sorted,8000,heap,1,0.326994000,0,0,0,0,1,1,1
main,sorted,8000,merge,1,0.155800000,0,0,64000,14,1,1,1
main,sorted,8000,heap,2,0.326683000,0,0,0,0,1,1,1
main,sorted,8000,merge,2,0.125686000,0,0,64000,14,1,1,1
main,sorted,8000,quick_first,2,28.319494000,0,0,0,1,1,1,1
main,sorted,8000,merge,3,0.131104000,0,0,64000,14,1,1,1
main,sorted,8000,quick_first,3,28.596894000,0,0,0,1,1,1,1
main,sorted,8000,heap,3,0.328626000,0,0,0,0,1,1,1
main,sorted,8000,quick_first,4,30.705591000,0,0,0,1,1,1,1
main,sorted,8000,heap,4,0.321275000,0,0,0,0,1,1,1
main,sorted,8000,merge,4,0.117925000,0,0,64000,14,1,1,1
main,sorted,8000,heap,5,0.294686000,0,0,0,0,1,1,1
main,sorted,8000,merge,5,0.135761000,0,0,64000,14,1,1,1
main,sorted,8000,quick_first,5,27.223975000,0,0,0,1,1,1,1
main,sorted,8000,merge,6,0.117664000,0,0,64000,14,1,1,1
main,sorted,8000,quick_first,6,26.982247000,0,0,0,1,1,1,1
main,sorted,8000,heap,6,0.322156000,0,0,0,0,1,1,1
main,reversed,8000,merge,0,0.121149000,0,0,64000,14,1,1,1
main,reversed,8000,quick_first,0,27.756300000,0,0,0,1,1,1,1
main,reversed,8000,heap,0,0.349476000,0,0,0,0,1,1,1
main,reversed,8000,quick_first,1,27.121444000,0,0,0,1,1,1,1
main,reversed,8000,heap,1,0.379721000,0,0,0,0,1,1,1
main,reversed,8000,merge,1,0.130232000,0,0,64000,14,1,1,1
main,reversed,8000,heap,2,0.331630000,0,0,0,0,1,1,1
main,reversed,8000,merge,2,0.129522000,0,0,64000,14,1,1,1
main,reversed,8000,quick_first,2,29.183126000,0,0,0,1,1,1,1
main,reversed,8000,merge,3,0.121329000,0,0,64000,14,1,1,1
main,reversed,8000,quick_first,3,29.942133000,0,0,0,1,1,1,1
main,reversed,8000,heap,3,0.383657000,0,0,0,0,1,1,1
main,reversed,8000,quick_first,4,30.242537000,0,0,0,1,1,1,1
main,reversed,8000,heap,4,0.513960000,0,0,0,0,1,1,1
main,reversed,8000,merge,4,0.120808000,0,0,64000,14,1,1,1
main,reversed,8000,heap,5,0.377769000,0,0,0,0,1,1,1
main,reversed,8000,merge,5,0.145044000,0,0,64000,14,1,1,1
main,reversed,8000,quick_first,5,32.521464000,0,0,0,1,1,1,1
main,reversed,8000,merge,6,0.144493000,0,0,64000,14,1,1,1
main,reversed,8000,quick_first,6,28.893513000,0,0,0,1,1,1,1
main,reversed,8000,heap,6,0.399110000,0,0,0,0,1,1,1
main,few_unique,8000,merge,0,0.386701000,0,0,64000,14,1,1,1
main,few_unique,8000,quick_first,0,2.257808000,0,0,0,4,0,1,1
main,few_unique,8000,heap,0,0.518246000,0,0,0,0,0,1,1
main,few_unique,8000,quick_first,1,3.118620000,0,0,0,4,0,1,1
main,few_unique,8000,heap,1,0.641448000,0,0,0,0,0,1,1
main,few_unique,8000,merge,1,0.303249000,0,0,64000,14,1,1,1
main,few_unique,8000,heap,2,0.440992000,0,0,0,0,0,1,1
main,few_unique,8000,merge,2,0.269618000,0,0,64000,14,1,1,1
main,few_unique,8000,quick_first,2,1.799090000,0,0,0,4,0,1,1
main,few_unique,8000,merge,3,0.360533000,0,0,64000,14,1,1,1
main,few_unique,8000,quick_first,3,1.956693000,0,0,0,4,0,1,1
main,few_unique,8000,heap,3,0.402475000,0,0,0,0,0,1,1
main,few_unique,8000,quick_first,4,2.658701000,0,0,0,4,0,1,1
main,few_unique,8000,heap,4,0.444236000,0,0,0,0,0,1,1
main,few_unique,8000,merge,4,0.297359000,0,0,64000,14,1,1,1
main,few_unique,8000,heap,5,0.398909000,0,0,0,0,0,1,1
main,few_unique,8000,merge,5,0.321105000,0,0,64000,14,1,1,1
main,few_unique,8000,quick_first,5,2.040637000,0,0,0,4,0,1,1
main,few_unique,8000,merge,6,0.438218000,0,0,64000,14,1,1,1
main,few_unique,8000,quick_first,6,2.097360000,0,0,0,4,0,1,1
main,few_unique,8000,heap,6,0.446630000,0,0,0,0,0,1,1
main,equal,8000,merge,0,0.333363000,0,0,64000,14,1,1,1
main,equal,8000,quick_first,0,29.166896000,0,0,0,1,1,1,1
main,equal,8000,heap,0,0.022934000,0,0,0,0,0,1,1
main,equal,8000,quick_first,1,30.264870000,0,0,0,1,1,1,1
main,equal,8000,heap,1,0.023054000,0,0,0,0,0,1,1
main,equal,8000,merge,1,0.187397000,0,0,64000,14,1,1,1
main,equal,8000,heap,2,0.028251000,0,0,0,0,0,1,1
main,equal,8000,merge,2,0.118476000,0,0,64000,14,1,1,1
main,equal,8000,quick_first,2,30.621467000,0,0,0,1,1,1,1
main,equal,8000,merge,3,0.119126000,0,0,64000,14,1,1,1
main,equal,8000,quick_first,3,28.774286000,0,0,0,1,1,1,1
main,equal,8000,heap,3,0.026049000,0,0,0,0,0,1,1
main,equal,8000,quick_first,4,29.054089000,0,0,0,1,1,1,1
main,equal,8000,heap,4,0.022924000,0,0,0,0,0,1,1
main,equal,8000,merge,4,0.117884000,0,0,64000,14,1,1,1
main,equal,8000,heap,5,0.028252000,0,0,0,0,0,1,1
main,equal,8000,merge,5,0.116072000,0,0,64000,14,1,1,1
main,equal,8000,quick_first,5,29.104695000,0,0,0,1,1,1,1
main,equal,8000,merge,6,0.117684000,0,0,64000,14,1,1,1
main,equal,8000,quick_first,6,30.745010000,0,0,0,1,1,1,1
main,equal,8000,heap,6,0.098616000,0,0,0,0,0,1,1
